hotel_id,object_category,session_id
202807,bed,
202807,dresser,
202813,bed,
202813,couch,
202813,dresser,
202813,lamp,
202813,painting,
202813,toilet,
202863,bed,
202863,curtain,
202863,sink,
202881,bed,
202881,couch,
202881,curtain,
202881,desk,
202881,painting,
202887,bed,
202887,couch,
202887,dresser,
202887,toilet,
202945,bed,
202945,couch,
202945,desk,
202945,painting,
202945,toilet,
202984,bed,
202984,lamp,
202984,toilet,
202990,bed,
202990,desk,
202990,sink,
202992,bed,
202992,toilet,
203060,bed,
203060,couch,
203060,curtain,
203060,lamp,
203060,sink,
203078,bed,
203078,curtain,
203078,dresser,
203078,sink,
203103,curtain,
203103,desk,
203103,sink,
203103,stand,
203150,bed,
203150,curtain,
203150,dresser,
203150,painting,
203150,toilet,
203152,bed,
203152,couch,
203152,curtain,
203152,dresser,
203152,painting,
203152,sink,
203152,toilet,
203154,bed,
203154,desk,
203154,toilet,
203168,bed,
203168,desk,
203168,dresser,
203168,sink,
203183,bed,
203183,desk,
203183,toilet,
203215,bed,
203215,couch,
203215,curtain,
203215,desk,
203215,dresser,
203215,painting,
203215,sink,
203221,bed,
203221,couch,
203221,desk,
203221,dresser,
203238,bed,
203238,curtain,
203238,lamp,
203243,bed,
203243,curtain,
203243,desk,
203243,dresser,
203243,painting,
203243,sink,
203243,stand,
203249,bed,
203249,dresser,
203249,toilet,
203253,bed,
203253,curtain,
203253,desk,
203253,dresser,
203366,bed,
203366,dresser,
203412,bed,
203412,desk,
203412,toilet,
203416,bed,
203416,curtain,
203416,sink,
203416,toilet,
203425,bed,
203425,couch,
203425,desk,
203425,dresser,
203434,bed,
203434,dresser,
203434,lamp,
203434,painting,
203434,toilet,
203485,bed,
203485,curtain,
203485,painting,
203499,bed,
203499,curtain,
203499,desk,
203499,sink,
203499,toilet,
203504,bed,
203504,curtain,
203504,desk,
203504,lamp,
203504,sink,
203520,bed,
203520,desk,
203553,bed,
203553,curtain,
203553,toilet,
203556,bed,
203556,couch,
203556,desk,
203556,sink,
203574,bed,
203574,couch,
203574,curtain,
203574,toilet,
203576,bed,
203576,curtain,
203576,desk,
203576,dresser,
203576,sink,
203609,couch,
203609,desk,
203609,painting,
203634,curtain,
203634,painting,
203634,sink,
203634,toilet,
203643,bed,
203643,curtain,
203643,dresser,
203643,lamp,
203643,sink,
203681,bed,
203681,curtain,
203682,bed,
203682,couch,
203682,curtain,
203682,sink,
203768,bed,
203768,dresser,
203768,toilet,
203796,bed,
203796,curtain,
203796,desk,
203796,sink,
203817,bed,
203817,couch,
203817,curtain,
203817,desk,
203817,dresser,
203817,painting,
203817,sink,
203817,toilet,
203847,bed,
203847,desk,
203847,dresser,
203866,bed,
203866,couch,
203866,desk,
203866,lamp,
203866,sink,
203866,toilet,
203871,bed,
203871,couch,
203871,desk,
203871,dresser,
203871,painting,
203871,sink,
203872,bed,
203872,desk,
203872,dresser,
203872,lamp,
203876,bed,
203876,couch,
203876,painting,
203929,bed,
203929,dresser,
203929,toilet,
203989,bed,
203989,couch,
203989,dresser,
203989,painting,
203989,sink,
204069,bed,
204069,desk,
204069,painting,
204069,toilet,
204084,bed,
204084,couch,
204084,desk,
204084,toilet,
204092,bed,
204092,couch,
204092,desk,
204092,toilet,
204157,bed,
204157,couch,
204157,desk,
204157,dresser,
204193,bed,
204193,dresser,
204193,toilet,
204195,bed,
204195,curtain,
204195,desk,
204195,dresser,
204195,toilet,
204220,bed,
204220,couch,
204220,dresser,
204220,lamp,
204220,sink,
204220,toilet,
204284,bed,
204284,couch,
204284,dresser,
204284,lamp,
204284,sink,
204284,toilet,
204287,bed,
204287,couch,
204287,desk,
204287,sink,
204288,bed,
204288,curtain,
204288,desk,
204288,dresser,
204288,sink,
204289,bed,
204289,desk,
204289,dresser,
204289,painting,
204332,bed,
204332,couch,
204332,desk,
204332,sink,
204332,toilet,
204350,bed,
204350,couch,
204350,desk,
204350,dresser,
204350,lamp,
204350,sink,
204352,bed,
204352,curtain,
204352,desk,
204352,toilet,
204353,bed,
204353,couch,
204353,curtain,
204353,lamp,
204353,sink,
204355,bed,
204355,desk,
204355,sink,
204361,couch,
204361,dresser,
204361,lamp,
204361,painting,
204361,sink,
204361,stand,
204361,toilet,
204393,bed,
204393,curtain,
204393,dresser,
204393,lamp,
204393,sink,
204396,bed,
204396,curtain,
204396,sink,
204397,bed,
204397,dresser,
204397,sink,
204397,toilet,
204400,bed,
204400,desk,
204400,toilet,
204401,bed,
204401,dresser,
204416,bed,
204416,curtain,
204416,sink,
204416,toilet,
204458,bed,
204458,desk,
204458,dresser,
204485,bed,
204485,curtain,
204568,bed,
204568,desk,
204568,dresser,
204568,lamp,
204568,painting,
204568,toilet,
204603,bed,
204603,curtain,
204603,desk,
204603,toilet,
204604,bed,
204604,sink,
204604,toilet,
204616,bed,
204616,couch,
204616,curtain,
204616,lamp,
204616,painting,
204650,bed,
204650,couch,
204650,dresser,
204672,bed,
204672,curtain,
204672,dresser,
204672,toilet,
204681,bed,
204696,bed,
204696,couch,
204696,curtain,
204696,desk,
204696,dresser,
204696,painting,
204696,sink,
204715,bed,
204715,couch,
204715,desk,
204715,painting,
204735,bed,
204735,couch,
204735,desk,
204735,sink,
204745,bed,
204745,curtain,
204745,toilet,
204754,bed,
204754,couch,
204754,curtain,
204757,bed,
204757,curtain,
204757,dresser,
204781,toilet,
204794,bed,
204794,couch,
204794,stand,
204794,toilet,
204846,bed,
204846,curtain,
204846,desk,
204846,dresser,
204846,painting,
204846,sink,
204846,toilet,
204906,bed,
204906,desk,
204906,dresser,
204906,painting,
204919,bed,
204919,desk,
204919,dresser,
204919,toilet,
204924,bed,
204924,curtain,
204924,lamp,
204978,bed,
204978,couch,
204978,sink,
204995,bed,
204995,curtain,
204995,sink,
205094,bed,
205094,toilet,
205161,bed,
205161,couch,
205161,curtain,
205161,desk,
205161,dresser,
205161,painting,
205161,sink,
205161,toilet,
205167,bed,
205167,curtain,
205167,painting,
205167,sink,
205168,bed,
205168,couch,
205168,desk,
205168,toilet,
205169,bed,
205169,desk,
205169,sink,
205178,bed,
205178,painting,
205178,sink,
205190,bed,
205190,curtain,
205190,lamp,
205190,painting,
205190,sink,
205190,toilet,
205208,bed,
205208,curtain,
205208,sink,
205223,bed,
205223,curtain,
205223,toilet,
205293,bed,
205293,lamp,
205299,bed,
205299,dresser,
205310,bed,
205310,desk,
205310,sink,
205310,toilet,
205347,bed,
205347,couch,
205347,curtain,
205347,dresser,
205347,toilet,
205356,bed,
205402,bed,
205402,curtain,
205402,desk,
205402,dresser,
205419,bed,
205419,painting,
205419,sink,
205419,toilet,
205444,bed,
205444,curtain,
205444,desk,
205444,dresser,
205448,bed,
205448,dresser,
205448,sink,
205448,toilet,
205458,bed,
205458,curtain,
205458,painting,
205458,sink,
205461,bed,
205461,sink,
205467,bed,
205467,painting,
205467,sink,
205494,bed,
205494,sink,
205495,couch,
205495,desk,
205495,sink,
205503,bed,
205503,couch,
205503,curtain,
205503,stand,
205503,toilet,
205511,bed,
205511,desk,
205511,painting,
205511,sink,
205519,curtain,
205519,painting,
205519,sink,
205528,bed,
205528,couch,
205528,curtain,
205528,desk,
205528,painting,
205557,bed,
205557,couch,
205557,curtain,
205557,desk,
205557,dresser,
205557,lamp,
205557,painting,
205557,sink,
205557,stand,
205557,toilet,
205560,bed,
205560,couch,
205560,dresser,
205570,bed,
205570,couch,
205570,dresser,
205570,painting,
205594,bed,
205594,sink,
205594,toilet,
205602,curtain,
205640,bed,
205640,sink,
205650,bed,
205650,couch,
205650,curtain,
205650,desk,
205650,painting,
205650,toilet,
205680,bed,
205680,couch,
205680,curtain,
205680,desk,
205696,curtain,
205696,lamp,
205704,bed,
205704,dresser,
205704,lamp,
205704,sink,
205706,bed,
205706,sink,
205706,stand,
205733,bed,
205733,couch,
205733,curtain,
205733,desk,
205735,bed,
205735,curtain,
205735,painting,
205741,bed,
205741,couch,
205741,curtain,
205741,sink,
205741,toilet,
205757,bed,
205757,curtain,
205757,painting,
205757,toilet,
205762,bed,
205762,painting,
205764,bed,
205764,couch,
205764,curtain,
205764,painting,
205780,bed,
205780,curtain,
205780,toilet,
205851,bed,
205851,couch,
205851,curtain,
205851,lamp,
205868,bed,
205868,sink,
205875,bed,
205875,painting,
205965,bed,
205965,curtain,
205965,sink,
205980,bed,
205980,dresser,
205980,toilet,
205985,bed,
205985,couch,
205985,sink,
205990,bed,
205990,couch,
205990,stand,
205990,toilet,
206012,bed,
206012,desk,
206012,dresser,
206012,painting,
206071,bed,
206071,desk,
206071,toilet,
206094,bed,
206094,dresser,
206094,stand,
206132,bed,
206132,painting,
206142,bed,
206142,desk,
206142,lamp,
206142,sink,
206143,bed,
206143,curtain,
206143,dresser,
206143,lamp,
206143,painting,
206143,sink,
206230,bed,
206230,lamp,
206230,stand,
206230,toilet,
206393,bed,
206393,couch,
206393,dresser,
206393,stand,
206393,toilet,
206403,bed,
206403,dresser,
206403,toilet,
206419,bed,
206419,couch,
206419,dresser,
206419,lamp,
206479,bed,
206479,desk,
206479,dresser,
206505,bed,
206505,couch,
206505,painting,
206505,toilet,
206515,bed,
206515,desk,
206515,dresser,
206515,painting,
206569,bed,
206569,couch,
206569,curtain,
206569,desk,
206569,sink,
206594,bed,
206594,couch,
206594,desk,
206594,painting,
206594,sink,
206608,bed,
206608,curtain,
206608,lamp,
206615,couch,
206615,curtain,
206615,desk,
206619,bed,
206619,curtain,
206619,dresser,
206619,lamp,
206619,painting,
206623,bed,
206623,couch,
206623,curtain,
206623,lamp,
206623,painting,
206623,toilet,
206629,bed,
206629,toilet,
206668,bed,
206668,couch,
206668,curtain,
206668,dresser,
206668,painting,
206668,sink,
206668,stand,
206668,toilet,
206669,bed,
206669,curtain,
206669,painting,
206669,sink,
206669,toilet,
206675,bed,
206675,couch,
206675,curtain,
206692,bed,
206692,curtain,
206692,dresser,
206692,painting,
206692,sink,
206735,bed,
206743,bed,
206743,couch,
206743,curtain,
206743,dresser,
206743,toilet,
206745,bed,
206745,couch,
206745,desk,
206745,sink,
206774,bed,
206774,lamp,
206774,toilet,
206776,bed,
206776,couch,
206776,painting,
206776,sink,
206776,toilet,
206852,bed,
206852,desk,
206852,dresser,
206852,sink,
206860,bed,
206860,sink,
206936,bed,
206936,couch,
206936,toilet,
206986,bed,
206986,desk,
206986,dresser,
206986,painting,
207002,bed,
207002,painting,
207002,sink,
207002,toilet,
207060,bed,
207060,desk,
207060,sink,
207108,bed,
207108,sink,
207108,toilet,
207118,bed,
207118,toilet,
207124,bed,
207124,toilet,
207133,bed,
207133,curtain,
207133,painting,
207137,bed,
207137,couch,
207137,desk,
207137,sink,
207179,bed,
207179,lamp,
207179,painting,
207179,sink,
207223,bed,
207223,curtain,
207223,dresser,
207224,bed,
207224,couch,
207224,toilet,
207228,bed,
207228,dresser,
207228,painting,
207268,bed,
207268,curtain,
207268,dresser,
207276,bed,
207276,couch,
207276,curtain,
207276,desk,
207276,sink,
207293,bed,
207293,couch,
207293,curtain,
207293,desk,
207293,painting,
207293,toilet,
207312,curtain,
207312,desk,
207312,painting,
207312,toilet,
207339,bed,
207339,couch,
207339,dresser,
207342,bed,
207342,couch,
207342,desk,
207342,dresser,
207342,lamp,
207342,sink,
207378,bed,
207378,couch,
207378,curtain,
207378,painting,
207378,toilet,
207432,bed,
207432,toilet,
207466,bed,
207466,curtain,
207466,dresser,
207466,sink,
207466,stand,
207491,bed,
207491,desk,
207491,dresser,
207491,sink,
207499,bed,
207499,couch,
207499,curtain,
207499,toilet,
207501,bed,
207501,curtain,
207518,bed,
207518,couch,
207518,curtain,
207518,desk,
207518,sink,
207518,toilet,
207589,bed,
207589,dresser,
207589,lamp,
207667,bed,
207667,couch,
207667,desk,
207667,painting,
207667,sink,
207689,bed,
207689,couch,
207689,sink,
207697,bed,
207697,dresser,
207711,bed,
207711,couch,
207711,desk,
207711,sink,
207728,bed,
207728,dresser,
207728,toilet,
207742,bed,
207742,couch,
207742,desk,
207742,stand,
207781,dresser,
207781,painting,
207804,bed,
207804,couch,
207804,sink,
207815,bed,
207815,painting,
207837,bed,
207837,couch,
207837,curtain,
207837,desk,
207837,dresser,
207837,toilet,
207843,couch,
207843,curtain,
207843,desk,
207843,dresser,
207843,lamp,
207843,painting,
207843,sink,
207843,stand,
207843,toilet,
207876,bed,
207876,curtain,
207908,bed,
207908,painting,
207908,sink,
207908,toilet,
207921,bed,
207921,couch,
207921,curtain,
207921,desk,
207921,dresser,
207921,toilet,
207931,bed,
207931,couch,
207931,dresser,
207931,sink,
207931,toilet,
208002,bed,
208002,curtain,
208002,toilet,
208057,bed,
208057,desk,
208057,dresser,
208057,lamp,
208061,bed,
208061,curtain,
208061,dresser,
208061,sink,
208065,bed,
208065,sink,
208065,toilet,
208075,bed,
208075,couch,
208075,curtain,
208075,sink,
208080,bed,
208080,curtain,
208080,desk,
208080,dresser,
208080,painting,
208080,sink,
208086,bed,
208086,curtain,
208086,toilet,
208107,bed,
208107,couch,
208107,curtain,
208107,desk,
208107,dresser,
208107,lamp,
208107,painting,
208107,sink,
208107,stand,
208107,toilet,
208146,bed,
208146,couch,
208146,desk,
208146,sink,
208146,toilet,
208196,bed,
208196,couch,
208196,desk,
208196,dresser,
208196,lamp,
208196,painting,
208196,sink,
208196,stand,
208196,toilet,
208224,bed,
208224,couch,
208224,desk,
208224,toilet,
208234,bed,
208234,curtain,
208234,desk,
208234,sink,
208235,bed,
208235,desk,
208235,dresser,
208235,sink,
208235,toilet,
208243,bed,
208243,curtain,
208243,lamp,
208254,bed,
208254,desk,
208254,painting,
208254,toilet,
208275,bed,
208275,dresser,
208275,toilet,
208303,bed,
208303,couch,
208307,bed,
208307,desk,
208307,lamp,
208307,sink,
208307,toilet,
208338,bed,
208338,dresser,
208338,lamp,
208338,painting,
208342,bed,
208342,curtain,
208347,bed,
208347,curtain,
208347,desk,
208347,dresser,
208348,bed,
208348,dresser,
208397,bed,
208397,painting,
208397,sink,
208440,bed,
208440,couch,
208440,dresser,
208440,toilet,
208484,bed,
208484,couch,
208484,sink,
208504,bed,
208504,painting,
208504,toilet,
208508,bed,
208508,curtain,
208508,desk,
208508,sink,
208512,bed,
208512,curtain,
208512,dresser,
208512,painting,
208512,toilet,
208513,bed,
208513,couch,
208513,dresser,
208513,sink,
208525,bed,
208525,curtain,
208525,desk,
208525,painting,
208532,bed,
208532,curtain,
208532,dresser,
208532,sink,
208532,toilet,
208562,bed,
208562,curtain,
208562,desk,
208562,painting,
208562,sink,
208562,toilet,
208572,bed,
208572,couch,
208572,curtain,
208572,desk,
208572,painting,
208572,sink,
208572,stand,
208580,bed,
208580,couch,
208580,desk,
208580,painting,
208580,sink,
208580,toilet,
208585,bed,
208585,couch,
208585,curtain,
208585,desk,
208585,sink,
208585,toilet,
208594,bed,
208594,curtain,
208594,painting,
208594,toilet,
208596,bed,
208596,desk,
208596,lamp,
208596,painting,
208603,bed,
208603,sink,
208603,toilet,
208606,bed,
208606,couch,
208606,desk,
208606,dresser,
208614,bed,
208614,curtain,
208614,desk,
208614,dresser,
208614,sink,
208614,toilet,
208624,bed,
208624,sink,
208628,bed,
208628,desk,
208628,sink,
208631,couch,
208631,curtain,
208631,painting,
208631,toilet,
208672,bed,
208672,couch,
208672,curtain,
208672,desk,
208672,dresser,
208672,painting,
208672,sink,
208672,toilet,
208674,bed,
208674,dresser,
208684,bed,
208684,couch,
208684,curtain,
208684,dresser,
208684,sink,
208684,toilet,
208687,bed,
208687,lamp,
208687,painting,
208687,stand,
208710,bed,
208710,curtain,
208710,lamp,
208710,painting,
208711,bed,
208711,desk,
208711,sink,
208711,toilet,
208713,curtain,
208713,painting,
208715,bed,
208715,desk,
208724,bed,
208724,dresser,
208730,bed,
208730,couch,
208730,curtain,
208730,toilet,
208736,bed,
208756,bed,
208756,desk,
208757,bed,
208757,desk,
208759,bed,
208759,toilet,
208762,bed,
208762,couch,
208762,curtain,
208762,dresser,
208762,painting,
208772,couch,
208772,sink,
208772,toilet,
208778,bed,
208778,couch,
208778,curtain,
208778,stand,
208778,toilet,
208779,bed,
208779,lamp,
208790,bed,
208790,couch,
208790,curtain,
208790,lamp,
208790,sink,
208790,toilet,
208821,bed,
208821,couch,
208821,desk,
208821,dresser,
208821,painting,
208832,bed,
208832,curtain,
208832,toilet,
208855,bed,
208855,curtain,
208855,desk,
208855,dresser,
208855,sink,
208855,toilet,
208860,bed,
208860,couch,
208860,curtain,
208860,dresser,
208860,sink,
208860,toilet,
208865,bed,
208865,couch,
208865,painting,
208865,sink,
208865,stand,
208879,bed,
208879,desk,
208879,toilet,
208887,bed,
208887,couch,
208887,curtain,
208887,dresser,
208887,painting,
208902,bed,
208902,curtain,
208902,dresser,
208902,lamp,
208902,sink,
208930,bed,
208930,couch,
208930,lamp,
208930,painting,
208930,toilet,
208939,bed,
208939,desk,
208939,dresser,
208939,toilet,
208940,bed,
208940,stand,
208940,toilet,
208952,bed,
208952,couch,
208952,curtain,
208952,desk,
208952,painting,
208952,toilet,
208955,bed,
208955,couch,
208955,curtain,
208955,desk,
208955,painting,
208955,sink,
208955,toilet,
208962,bed,
208962,dresser,
208962,sink,
208962,toilet,
208963,bed,
208963,curtain,
208963,dresser,
208963,sink,
208963,toilet,
208964,bed,
208964,dresser,
208964,painting,
208976,bed,
208976,curtain,
208976,painting,
208976,sink,
209005,bed,
209005,toilet,
209006,bed,
209006,couch,
209006,curtain,
209006,desk,
209006,dresser,
209006,lamp,
209006,painting,
209006,sink,
209006,stand,
209006,toilet,
209023,dresser,
209023,lamp,
209023,sink,
209023,toilet,
209080,bed,
209080,desk,
209080,sink,
209080,toilet,
209092,bed,
209092,couch,
209092,lamp,
209092,toilet,
209093,dresser,
209123,bed,
209123,painting,
209123,toilet,
209130,bed,
209130,couch,
209130,curtain,
209149,bed,
209149,dresser,
209149,painting,
209149,sink,
209149,toilet,
209163,bed,
209163,sink,
209163,toilet,
209177,bed,
209177,couch,
209177,curtain,
209177,dresser,
209177,lamp,
209177,painting,
209177,stand,
209177,toilet,
209181,bed,
209181,curtain,
209181,painting,
209183,bed,
209183,couch,
209183,painting,
209183,sink,
209184,bed,
209184,curtain,
209184,dresser,
209184,toilet,
209188,bed,
209188,dresser,
209188,painting,
209188,sink,
209205,bed,
209205,curtain,
209205,toilet,
209234,bed,
209239,bed,
209239,couch,
209239,curtain,
209239,desk,
209239,dresser,
209239,lamp,
209239,toilet,
209274,bed,
209274,dresser,
209274,painting,
209274,sink,
209299,bed,
209299,desk,
209311,bed,
209311,couch,
209311,curtain,
209311,sink,
209311,toilet,
209321,bed,
209321,sink,
209321,toilet,
209325,bed,
209325,dresser,
209326,bed,
209326,couch,
209326,desk,
209326,toilet,
209332,bed,
209332,couch,
209332,sink,
209332,toilet,
209347,bed,
209357,bed,
209357,curtain,
209357,lamp,
209357,painting,
209357,stand,
209360,bed,
209360,couch,
209360,sink,
209366,bed,
209366,desk,
209366,sink,
209366,toilet,
209393,bed,
209393,dresser,
209393,painting,
209431,bed,
209431,couch,
209431,desk,
209431,dresser,
209431,lamp,
209431,painting,
209431,sink,
209431,toilet,
209438,bed,
209438,couch,
209438,dresser,
209438,lamp,
209438,painting,
209438,sink,
209438,toilet,
209440,bed,
209440,couch,
209440,painting,
209444,bed,
209444,painting,
209455,bed,
209455,couch,
209455,painting,
209455,toilet,
209468,bed,
209468,couch,
209468,painting,
209468,toilet,
209478,bed,
209478,desk,
209478,dresser,
209502,bed,
209502,lamp,
209502,sink,
209502,toilet,
209512,bed,
209512,couch,
209512,curtain,
209512,painting,
209512,stand,
209512,toilet,
209525,bed,
209525,curtain,
209525,sink,
209525,toilet,
209526,couch,
209526,curtain,
209526,desk,
209526,dresser,
209526,lamp,
209526,sink,
209526,stand,
209526,toilet,
209533,bed,
209533,curtain,
209533,desk,
209533,dresser,
209533,painting,
209533,sink,
209533,toilet,
209550,bed,
209550,toilet,
209553,bed,
209553,couch,
209553,sink,
209566,bed,
209566,curtain,
209566,desk,
209566,painting,
209566,toilet,
209569,bed,
209569,painting,
209569,sink,
209574,bed,
209574,curtain,
209574,desk,
209574,toilet,
209582,bed,
209582,toilet,
209620,bed,
209620,sink,
209632,bed,
209632,curtain,
209632,desk,
209632,sink,
209632,toilet,
209642,bed,
209642,curtain,
209642,desk,
209642,toilet,
209645,bed,
209645,sink,
209650,bed,
209650,curtain,
209650,dresser,
209650,painting,
209650,sink,
209653,bed,
209653,dresser,
209653,lamp,
209653,toilet,
209659,bed,
209659,curtain,
209659,sink,
209676,bed,
209676,dresser,
209676,sink,
209681,bed,
209681,sink,
209681,toilet,
209685,bed,
209685,stand,
209685,toilet,
209694,bed,
209694,curtain,
209694,dresser,
209694,painting,
209710,bed,
209710,couch,
209710,dresser,
209710,lamp,
209710,painting,
209710,sink,
209710,toilet,
209711,bed,
209711,couch,
209711,curtain,
209711,stand,
209716,bed,
209716,curtain,
209716,dresser,
209716,sink,
209745,bed,
209745,curtain,
209745,dresser,
209761,bed,
209765,bed,
209765,dresser,
209765,painting,
209765,toilet,
209769,bed,
209769,couch,
209769,painting,
209769,toilet,
209773,bed,
209773,toilet,
209778,bed,
209778,curtain,
209778,dresser,
209782,bed,
209782,dresser,
209782,lamp,
209782,sink,
209793,bed,
209793,painting,
209794,bed,
209794,couch,
209794,curtain,
209794,dresser,
209794,lamp,
209794,stand,
209799,bed,
209799,curtain,
209799,desk,
209799,dresser,
209799,painting,
209799,sink,
209799,toilet,
209807,painting,
209813,bed,
209813,couch,
209813,curtain,
209813,desk,
209813,dresser,
209813,painting,
209815,bed,
209815,painting,
209815,sink,
209817,bed,
209817,couch,
209817,painting,
209817,sink,
209822,bed,
209822,curtain,
209822,desk,
209822,dresser,
209822,painting,
209822,sink,
209822,toilet,
209831,bed,
209831,couch,
209831,desk,
209831,painting,
209831,sink,
209848,bed,
209848,dresser,
209848,sink,
209861,bed,
209861,couch,
209861,toilet,
209866,bed,
209866,couch,
209866,desk,
209866,dresser,
209866,painting,
209866,stand,
209866,toilet,
209881,bed,
209881,curtain,
209881,desk,
209902,bed,
209902,curtain,
209902,desk,
209902,dresser,
209902,painting,
209902,sink,
209902,stand,
209902,toilet,
209903,bed,
209903,couch,
209903,curtain,
209903,dresser,
209903,painting,
209903,sink,
209903,stand,
209903,toilet,
209907,bed,
209907,curtain,
209907,painting,
209907,toilet,
209914,bed,
209914,desk,
209914,dresser,
209914,painting,
209914,sink,
209914,toilet,
209931,bed,
209931,couch,
209931,curtain,
209931,desk,
209931,dresser,
209931,painting,
209931,sink,
209931,toilet,
209932,bed,
209932,toilet,
209943,bed,
209943,toilet,
209990,bed,
209990,curtain,
209990,painting,
209990,toilet,
210006,bed,
210006,couch,
210006,curtain,
210006,painting,
210018,bed,
210018,desk,
210018,dresser,
210018,lamp,
210018,toilet,
210024,bed,
210024,curtain,
210024,desk,
210024,dresser,
210024,sink,
210026,curtain,
210026,painting,
210026,sink,
210028,couch,
210028,curtain,
210028,sink,
210030,bed,
210030,curtain,
210030,sink,
210033,bed,
210033,painting,
210033,sink,
210049,bed,
210049,curtain,
210049,dresser,
210049,toilet,
210069,bed,
210069,stand,
210069,toilet,
210091,bed,
210091,couch,
210091,toilet,
210111,bed,
210111,dresser,
210111,painting,
210111,sink,
210111,toilet,
210128,bed,
210128,desk,
210128,dresser,
210128,sink,
210175,bed,
210175,curtain,
210175,desk,
210175,dresser,
210175,painting,
210179,bed,
210179,desk,
210179,sink,
210188,bed,
210188,curtain,
210188,painting,
210188,sink,
210188,toilet,
210235,bed,
210235,desk,
210235,sink,
210236,bed,
210236,couch,
210236,curtain,
210236,desk,
210236,sink,
210264,bed,
210264,couch,
210264,sink,
210276,bed,
210276,curtain,
210276,painting,
210276,toilet,
210297,bed,
210297,couch,
210297,curtain,
210297,dresser,
210297,sink,
210308,bed,
210323,bed,
210323,curtain,
210323,dresser,
210323,painting,
210323,sink,
210323,stand,
210323,toilet,
210327,bed,
210327,curtain,
210327,desk,
210327,sink,
210327,toilet,
210329,bed,
210329,lamp,
210329,sink,
210329,stand,
210341,bed,
210341,couch,
210341,curtain,
210341,desk,
210341,toilet,
210347,bed,
210347,curtain,
210347,desk,
210347,sink,
210388,bed,
210388,couch,
210388,curtain,
210388,toilet,
210411,bed,
210411,desk,
210411,dresser,
210411,painting,
210411,toilet,
211268,bed,
211268,dresser,
211354,bed,
211354,desk,
211354,dresser,
211354,lamp,
211354,painting,
211354,sink,
211858,painting,
211858,sink,
212137,bed,
212137,sink,
219503,bed,
219503,couch,
219503,sink,
219503,toilet,
223365,bed,
223365,curtain,
223365,desk,
223365,sink,
225035,bed,
225035,couch,
225035,curtain,
225035,desk,
225035,dresser,
225035,painting,
225035,sink,
225035,stand,
225035,toilet,
225116,bed,
225116,dresser,
225116,painting,
225117,bed,
225117,couch,
225117,desk,
225117,dresser,
226096,bed,
226096,dresser,
226096,painting,
226096,sink,
226767,couch,
226767,painting,
227746,bed,
227746,curtain,
227746,desk,
227746,painting,
227746,toilet,
227814,bed,
227814,curtain,
227814,dresser,
227814,painting,
227814,sink,
228181,bed,
228181,couch,
228181,curtain,
228181,desk,
228181,dresser,
228181,lamp,
228181,painting,
228181,sink,
228181,stand,
228181,toilet,
228302,bed,
228302,desk,
228302,sink,
228302,toilet,
230417,bed,
230417,curtain,
230417,dresser,
230417,sink,
230802,bed,
230802,toilet,
233534,bed,
233534,curtain,
233534,dresser,
233534,sink,
233534,toilet,
233811,bed,
233811,sink,
234189,bed,
234189,desk,
234189,lamp,
234189,toilet,
234471,bed,
234471,dresser,
234471,lamp,
234471,painting,
234471,sink,
234483,bed,
234483,dresser,
234483,toilet,
236345,bed,
240118,bed,
240118,couch,
240118,curtain,
240118,desk,
240118,dresser,
240118,sink,
240118,toilet,
244654,bed,
244654,dresser,
244654,painting,
244654,toilet,
249786,bed,
249786,curtain,
249786,dresser,
249786,painting,
249786,sink,
249786,toilet,
253572,desk,
253572,lamp,
253572,sink,
253572,stand,
255685,bed,
255685,toilet,
257725,curtain,
257725,dresser,
257954,bed,
257954,curtain,
257954,desk,
257954,dresser,
257954,painting,
257954,sink,
258010,bed,
258010,couch,
258010,curtain,
258010,desk,
258010,dresser,
258010,lamp,
258010,painting,
258010,sink,
258010,stand,
258010,toilet,
258395,bed,
258395,lamp,
258395,painting,
258395,toilet,
259525,bed,
259525,curtain,
259525,desk,
259525,lamp,
259525,painting,
259525,sink,
260463,bed,
260463,couch,
260463,dresser,
260463,painting,
260852,bed,
260852,sink,
260852,toilet,
262099,bed,
262099,couch,
262099,desk,
262099,toilet,
262903,bed,
262903,couch,
262903,curtain,
262903,dresser,
263011,bed,
263011,couch,
263011,curtain,
263011,toilet,
263046,bed,
263046,couch,
263046,painting,
263078,bed,
263078,couch,
263078,curtain,
263078,toilet,
267098,bed,
267098,couch,
267098,desk,
271498,bed,
271498,curtain,
271498,sink,
272017,bed,
272017,stand,
272017,toilet,
272358,bed,
272358,painting,
273639,couch,
273639,dresser,
274118,bed,
274118,couch,
274118,sink,
277098,curtain,
277098,painting,
277098,stand,
277098,toilet,
278817,bed,
278817,dresser,
279182,bed,
279182,couch,
279182,painting,
279182,toilet,
281316,curtain,
281316,sink,
281339,bed,
281339,couch,
281339,desk,
282409,bed,
282409,couch,
282409,curtain,
282409,sink,
282409,stand,
282409,toilet,
282752,bed,
282752,stand,
282752,toilet,
283781,bed,
283781,dresser,
283781,toilet,
284523,bed,
284523,couch,
284523,desk,
284523,sink,
286036,bed,
286036,curtain,
286036,desk,
286036,sink,
286036,toilet,
286903,bed,
286903,couch,
286903,curtain,
286903,desk,
286903,dresser,
286903,stand,
286913,bed,
286913,couch,
286913,curtain,
287514,bed,
287514,couch,
287514,curtain,
287514,desk,
287514,dresser,
287514,painting,
287514,sink,
287514,toilet,
288895,bed,
288895,couch,
288895,curtain,
288895,desk,
288895,lamp,
288895,painting,
288895,sink,
288895,toilet,
289279,bed,
289279,couch,
289279,dresser,
289279,painting,
290900,bed,
290900,sink,
297621,bed,
297621,curtain,
297621,desk,
297621,lamp,
300431,bed,
300431,curtain,
300431,desk,
300431,sink,
300874,bed,
300874,curtain,
300874,painting,
300957,bed,
300957,desk,
300957,dresser,
300957,sink,
300957,toilet,
302210,bed,
302210,dresser,
302210,toilet,
303955,bed,
303955,curtain,
303955,desk,
303955,sink,
303955,toilet,
304605,bed,
304605,curtain,
305339,bed,
305339,curtain,
305339,painting,
305349,bed,
305349,couch,
305349,curtain,
305349,desk,
305349,dresser,
305349,painting,
305349,sink,
305349,toilet,
305374,bed,
305374,desk,
305374,sink,
305391,bed,
305391,couch,
305391,curtain,
305391,painting,
305405,bed,
305405,dresser,
305405,painting,
305419,bed,
305419,couch,
305419,curtain,
305419,lamp,
305419,painting,
305426,bed,
305426,curtain,
305426,desk,
305426,stand,
305426,toilet,
305432,bed,
305432,couch,
305432,curtain,
305432,desk,
305432,dresser,
305432,lamp,
305432,sink,
305432,toilet,
305449,bed,
305449,curtain,
305449,desk,
305479,bed,
305479,curtain,
305479,dresser,
305479,sink,
305479,toilet,
305540,bed,
305540,curtain,
305540,sink,
305551,bed,
305551,curtain,
305551,desk,
305551,painting,
305551,sink,
305551,toilet,
305552,bed,
305552,couch,
305552,curtain,
305552,desk,
305552,dresser,
305552,sink,
305567,bed,
305567,desk,
305567,painting,
305567,sink,
305567,toilet,
305576,curtain,
305583,bed,
305583,couch,
305583,desk,
305583,sink,
305586,bed,
305586,couch,
305586,curtain,
305586,painting,
305593,bed,
305593,curtain,
305593,dresser,
305593,toilet,
305599,bed,
305599,curtain,
305599,dresser,
305617,bed,
305617,couch,
305617,painting,
305617,sink,
305617,toilet,
305637,bed,
305637,couch,
305637,curtain,
305637,dresser,
305637,lamp,
305637,painting,
305637,sink,
305637,toilet,
305643,bed,
305643,curtain,
305643,painting,
305644,bed,
305644,desk,
305644,sink,
305647,bed,
305647,couch,
305647,curtain,
305647,desk,
305647,dresser,
305647,lamp,
305647,painting,
305647,sink,
305647,toilet,
305651,bed,
305651,lamp,
305651,painting,
305651,toilet,
305657,bed,
305657,desk,
305657,dresser,
305657,sink,
305684,bed,
305684,sink,
305684,toilet,
305698,bed,
305698,curtain,
305698,dresser,
305698,painting,
305698,toilet,
305709,bed,
305709,couch,
305709,curtain,
305709,sink,
305709,stand,
305709,toilet,
305710,bed,
305710,curtain,
305710,dresser,
305710,lamp,
305713,bed,
305713,toilet,
305720,bed,
305720,lamp,
305720,sink,
305720,stand,
305720,toilet,
305721,bed,
305721,stand,
305721,toilet,
305733,bed,
305733,desk,
305733,lamp,
305733,sink,
305733,toilet,
305774,bed,
305774,couch,
305774,curtain,
305774,desk,
305774,dresser,
305774,lamp,
305774,sink,
305774,toilet,
305775,bed,
305775,curtain,
305775,sink,
305775,toilet,
305776,bed,
305776,dresser,
305776,painting,
305776,sink,
305776,toilet,
305782,dresser,
305782,lamp,
305782,painting,
305783,bed,
305783,curtain,
305783,desk,
305783,sink,
305783,stand,
305783,toilet,
305788,bed,
305788,toilet,
305802,bed,
305802,couch,
305802,sink,
305802,toilet,
305803,bed,
305803,sink,
305803,toilet,
305805,bed,
305805,lamp,
305805,sink,
305806,bed,
305806,sink,
305806,toilet,
305809,bed,
305809,dresser,
305809,lamp,
305809,painting,
305809,sink,
305809,stand,
305809,toilet,
305813,bed,
305813,couch,
305813,desk,
305813,toilet,
305837,curtain,
305837,lamp,
305841,bed,
305841,dresser,
305841,toilet,
305847,bed,
305847,sink,
305847,toilet,
305853,bed,
305853,curtain,
305853,lamp,
305861,bed,
305861,curtain,
305861,sink,
305890,bed,
305890,couch,
305890,desk,
305890,sink,
305901,bed,
305901,couch,
305901,curtain,
305912,bed,
305912,sink,
305921,bed,
305921,curtain,
305921,toilet,
305929,bed,
305929,curtain,
305929,desk,
305929,dresser,
305929,painting,
305929,toilet,
305938,bed,
305938,curtain,
305938,sink,
305938,toilet,
305944,bed,
305944,couch,
305944,desk,
305944,lamp,
305944,sink,
305944,toilet,
305961,bed,
305961,dresser,
305987,bed,
305987,curtain,
305987,desk,
305987,painting,
305987,sink,
305987,toilet,
305989,bed,
305989,couch,
305989,desk,
305989,painting,
305989,sink,
306007,bed,
306007,painting,
306007,toilet,
306028,bed,
306028,dresser,
306029,bed,
306029,curtain,
306029,dresser,
306034,bed,
306034,couch,
306034,painting,
306034,sink,
306036,bed,
306036,desk,
306036,sink,
306036,stand,
306036,toilet,
306064,couch,
306064,curtain,
306064,desk,
306064,dresser,
306064,painting,
306079,bed,
306079,dresser,
306081,bed,
306081,desk,
306081,sink,
306081,toilet,
306085,bed,
306085,couch,
306085,lamp,
306085,painting,
306105,bed,
306105,couch,
306105,curtain,
306105,desk,
306105,dresser,
306105,lamp,
306105,painting,
306105,sink,
306112,bed,
306112,sink,
306123,bed,
306123,desk,
306123,sink,
306124,bed,
306124,couch,
306124,desk,
306124,sink,
306126,bed,
306126,couch,
306126,curtain,
306126,desk,
306126,dresser,
306126,toilet,
306127,bed,
306127,curtain,
306127,desk,
306127,sink,
306127,toilet,
306134,bed,
306134,couch,
306134,curtain,
306134,dresser,
306134,sink,
306184,bed,
306184,curtain,
306184,painting,
306184,toilet,
306185,bed,
306185,couch,
306185,painting,
306185,toilet,
306196,bed,
306196,curtain,
306196,painting,
306198,bed,
306198,desk,
306198,toilet,
306235,bed,
306235,couch,
306235,dresser,
306244,bed,
306244,toilet,
306245,bed,
306245,dresser,
306245,sink,
306257,bed,
306257,couch,
306257,curtain,
306257,toilet,
306262,bed,
306262,couch,
306262,desk,
306262,painting,
306268,bed,
306268,couch,
306268,toilet,
306285,bed,
306285,sink,
306290,bed,
306290,couch,
306290,curtain,
306290,lamp,
306290,painting,
306290,sink,
306290,toilet,
306305,bed,
306305,sink,
306305,toilet,
306318,bed,
306318,curtain,
306318,desk,
306318,painting,
306318,sink,
306318,toilet,
306324,bed,
306324,desk,
306324,sink,
306324,toilet,
306328,bed,
306328,couch,
306328,curtain,
306328,desk,
306328,painting,
306328,sink,
306331,bed,
306331,curtain,
306333,bed,
306333,curtain,
306333,dresser,
306333,sink,
306333,toilet,
306335,bed,
306335,couch,
306335,curtain,
306335,dresser,
306335,sink,
306335,stand,
306335,toilet,
306339,bed,
306339,curtain,
306339,sink,
306342,bed,
306342,curtain,
306342,desk,
306342,dresser,
306342,painting,
306342,sink,
306342,toilet,
306344,bed,
306344,toilet,
306366,bed,
306366,sink,
306367,bed,
306367,couch,
306367,curtain,
306367,desk,
306367,dresser,
306367,lamp,
306367,painting,
306367,sink,
306371,bed,
306371,dresser,
306371,painting,
306371,toilet,
306394,bed,
306398,bed,
306398,curtain,
306398,desk,
306398,toilet,
306414,bed,
306414,couch,
306414,lamp,
306414,sink,
306415,bed,
306415,curtain,
306415,dresser,
306415,sink,
306415,stand,
306415,toilet,
306417,bed,
306417,curtain,
306417,desk,
306417,sink,
306417,toilet,
306424,bed,
306424,couch,
306424,desk,
306424,dresser,
306424,painting,
306424,toilet,
306427,bed,
306427,dresser,
306427,sink,
306456,bed,
306456,curtain,
306456,dresser,
306456,sink,
306466,couch,
306466,dresser,
306466,lamp,
306466,painting,
306468,bed,
306468,couch,
306468,desk,
306468,lamp,
306468,sink,
306479,bed,
306479,toilet,
306492,bed,
306492,toilet,
306502,bed,
306502,dresser,
306508,bed,
306508,couch,
306508,curtain,
306508,dresser,
306508,stand,
306508,toilet,
306516,bed,
306516,desk,
306516,toilet,
306536,bed,
306554,bed,
306554,curtain,
306554,painting,
306554,toilet,
306556,bed,
306556,lamp,
306556,sink,
306556,toilet,
306557,bed,
306557,couch,
306557,curtain,
306557,sink,
306578,curtain,
306578,dresser,
306583,bed,
306583,curtain,
306583,sink,
306597,bed,
306597,couch,
306597,toilet,
306604,bed,
306604,curtain,
306604,toilet,
306627,bed,
306627,stand,
306627,toilet,
306631,desk,
306631,dresser,
306631,lamp,
306635,bed,
306635,curtain,
306635,dresser,
306635,sink,
306635,toilet,
306640,bed,
306640,couch,
306640,sink,
306641,bed,
306641,dresser,
306641,sink,
306641,toilet,
306644,bed,
306644,desk,
306644,dresser,
306644,toilet,
306645,bed,
306645,dresser,
306645,sink,
306645,toilet,
306649,bed,
306649,desk,
306649,painting,
306649,sink,
306651,bed,
306651,dresser,
306651,painting,
306651,sink,
306651,toilet,
306678,bed,
306678,dresser,
306678,lamp,
306678,stand,
306695,bed,
306695,sink,
306714,bed,
306714,dresser,
306714,painting,
306725,couch,
306725,curtain,
306725,dresser,
306725,painting,
306728,bed,
306728,couch,
306728,sink,
306733,bed,
306733,lamp,
306733,painting,
306737,bed,
306737,couch,
306737,desk,
306737,sink,
306750,curtain,
306750,desk,
306750,lamp,
306756,bed,
306756,curtain,
306756,toilet,
306775,bed,
306775,sink,
306791,bed,
306791,dresser,
306798,bed,
306798,curtain,
306798,painting,
306800,bed,
306800,couch,
306804,bed,
306804,curtain,
306817,bed,
306817,desk,
306817,sink,
306832,bed,
306832,couch,
306832,toilet,
306841,bed,
306841,dresser,
306841,lamp,
306841,toilet,
306852,bed,
306852,sink,
306878,bed,
306878,curtain,
306878,sink,
306885,bed,
306885,couch,
306885,curtain,
306885,sink,
306885,toilet,
306888,bed,
306888,painting,
306888,sink,
306888,toilet,
306891,bed,
306891,painting,
306891,sink,
306891,toilet,
306927,bed,
306927,sink,
306935,bed,
306935,sink,
306935,stand,
306935,toilet,
306956,bed,
306956,desk,
306956,lamp,
306956,painting,
306956,sink,
306956,toilet,
306976,bed,
306976,dresser,
306976,sink,
306992,bed,
306992,curtain,
306992,desk,
306992,sink,
306992,stand,
307011,bed,
307011,curtain,
307011,dresser,
307011,painting,
307011,sink,
307011,toilet,
307013,bed,
307013,couch,
307013,curtain,
307013,desk,
307016,bed,
307016,couch,
307016,curtain,
307016,dresser,
307020,bed,
307020,lamp,
307020,toilet,
307031,bed,
307031,curtain,
307031,desk,
307031,sink,
307031,toilet,
307035,bed,
307035,dresser,
307042,bed,
307042,couch,
307042,sink,
307049,bed,
307049,desk,
307049,painting,
307049,sink,
307049,toilet,
307052,bed,
307052,curtain,
307052,desk,
307052,painting,
307052,stand,
307052,toilet,
307065,bed,
307065,couch,
307065,desk,
307065,painting,
307108,bed,
307108,desk,
307108,toilet,
307114,dresser,
307114,lamp,
307114,sink,
307141,bed,
307141,desk,
307141,dresser,
307141,sink,
307141,toilet,
307143,bed,
307143,couch,
307143,curtain,
307182,bed,
307182,desk,
307182,toilet,
307201,bed,
307201,curtain,
307201,desk,
307201,lamp,
307201,painting,
307201,toilet,
307206,bed,
307206,couch,
307206,desk,
307206,dresser,
307206,painting,
307206,sink,
307240,bed,
307240,curtain,
307240,sink,
307240,toilet,
307242,bed,
307242,desk,
307242,toilet,
307252,bed,
307252,sink,
307257,bed,
307257,couch,
307257,curtain,
307257,desk,
307257,sink,
307269,bed,
307269,sink,
307269,toilet,
307270,bed,
307270,desk,
307270,sink,
307270,toilet,
307291,bed,
307291,couch,
307291,desk,
307341,desk,
307341,toilet,
307344,bed,
307344,sink,
307344,toilet,
307360,bed,
307360,curtain,
307360,painting,
307360,sink,
307360,toilet,
307433,bed,
307433,couch,
307433,sink,
307442,bed,
307442,curtain,
307442,dresser,
307442,toilet,
307462,bed,
307462,curtain,
307462,desk,
307462,dresser,
307462,lamp,
307462,painting,
307462,sink,
307462,stand,
307462,toilet,
307468,dresser,
307482,bed,
307482,curtain,
307482,desk,
307482,sink,
307482,toilet,
307489,bed,
307489,dresser,
307489,painting,
307489,stand,
307492,bed,
307492,sink,
307492,toilet,
307499,bed,
307499,curtain,
307499,lamp,
307500,bed,
307500,toilet,
307503,bed,
307503,toilet,
307512,bed,
307512,desk,
307512,dresser,
307512,sink,
307512,toilet,
307516,bed,
307516,couch,
307516,curtain,
307516,dresser,
307516,painting,
307564,bed,
307564,curtain,
307564,toilet,
307566,bed,
307566,couch,
307566,curtain,
307566,desk,
307566,painting,
307566,sink,
307566,toilet,
307571,bed,
307571,couch,
307571,curtain,
307571,sink,
307571,toilet,
307576,bed,
307576,couch,
307576,curtain,
307576,desk,
307576,dresser,
307576,lamp,
307576,painting,
307576,sink,
307576,stand,
307576,toilet,
307594,bed,
307594,desk,
307594,toilet,
307612,bed,
307612,couch,
307612,desk,
307612,toilet,
307614,bed,
307614,curtain,
307614,toilet,
307632,bed,
307632,curtain,
307632,desk,
307642,bed,
307642,curtain,
307642,dresser,
307643,bed,
307643,couch,
307643,sink,
307662,bed,
307662,curtain,
307689,bed,
307689,desk,
307689,painting,
307689,sink,
307689,toilet,
307692,bed,
307692,dresser,
307692,painting,
307692,sink,
307702,bed,
307702,sink,
307760,bed,
307760,couch,
307760,curtain,
307760,toilet,
307766,bed,
307766,toilet,
307787,bed,
307787,curtain,
307787,sink,
307810,bed,
307810,curtain,
307810,dresser,
307810,painting,
307810,sink,
307838,bed,
307838,couch,
307838,curtain,
307838,desk,
307838,sink,
307838,toilet,
307846,bed,
307846,lamp,
307846,painting,
307872,bed,
307872,desk,
307872,dresser,
307872,painting,
307872,sink,
307872,stand,
307872,toilet,
307886,bed,
307886,curtain,
307886,desk,
307886,lamp,
307892,bed,
307892,curtain,
307892,desk,
307892,painting,
307892,sink,
307902,bed,
307902,desk,
307902,dresser,
307904,bed,
307904,curtain,
307904,painting,
307910,bed,
307910,couch,
307910,desk,
307910,dresser,
307910,sink,
307914,bed,
307914,painting,
307922,bed,
307922,desk,
307922,lamp,
307922,painting,
307922,toilet,
307925,bed,
307925,desk,
307925,painting,
307928,bed,
307928,desk,
307928,dresser,
307942,bed,
307942,dresser,
307953,bed,
307953,curtain,
307953,sink,
307953,toilet,
307957,couch,
307957,curtain,
307957,desk,
307957,dresser,
307960,bed,
307960,couch,
307960,desk,
307960,dresser,
307960,painting,
307960,sink,
307960,toilet,
307961,bed,
307961,desk,
307961,dresser,
307961,painting,
307978,bed,
307978,desk,
307978,dresser,
307978,toilet,
307983,bed,
307983,couch,
307983,desk,
307983,painting,
307983,sink,
307995,bed,
307995,curtain,
307995,dresser,
307995,lamp,
307995,toilet,
307998,bed,
307998,dresser,
307998,sink,
308007,bed,
308007,curtain,
308007,dresser,
308007,sink,
308008,bed,
308008,painting,
308008,sink,
308008,toilet,
308012,bed,
308012,couch,
308012,dresser,
308012,painting,
308044,bed,
308044,curtain,
308047,bed,
308047,dresser,
308047,painting,
308047,toilet,
308066,couch,
308066,curtain,
308077,bed,
308077,couch,
308077,painting,
308077,toilet,
308078,bed,
308078,dresser,
308098,bed,
308098,couch,
308098,dresser,
308098,painting,
308106,bed,
308106,curtain,
308106,sink,
308106,toilet,
308107,bed,
308107,curtain,
308107,desk,
308107,painting,
308107,toilet,
308116,bed,
308116,curtain,
308116,sink,
308116,toilet,
308141,bed,
308141,curtain,
308141,dresser,
308141,sink,
308181,bed,
308181,dresser,
308181,sink,
308193,bed,
308193,desk,
308193,sink,
308196,bed,
308196,curtain,
308196,dresser,
308196,lamp,
308196,toilet,
308202,bed,
308202,curtain,
308202,toilet,
308213,bed,
308213,curtain,
308213,dresser,
308213,sink,
308233,bed,
308233,couch,
308233,curtain,
308233,sink,
308253,bed,
308253,dresser,
308253,sink,
308286,bed,
308286,toilet,
308338,bed,
308338,curtain,
308338,desk,
308338,dresser,
308338,sink,
308339,curtain,
308339,lamp,
308339,painting,
308339,sink,
308339,toilet,
308342,bed,
308342,toilet,
308345,dresser,
308345,lamp,
308345,painting,
308350,bed,
308350,couch,
308350,curtain,
308350,desk,
308350,dresser,
308366,bed,
308366,curtain,
308366,dresser,
308366,lamp,
308366,painting,
308366,sink,
308366,toilet,
308381,bed,
308381,dresser,
308386,bed,
308386,couch,
308392,bed,
308392,curtain,
308392,dresser,
308392,lamp,
308392,painting,
308392,toilet,
308402,bed,
308402,painting,
308402,toilet,
308435,bed,
308435,curtain,
308451,bed,
308451,painting,
308451,toilet,
308494,bed,
308494,couch,
308494,desk,
308494,dresser,
308494,sink,
308501,bed,
308501,desk,
308501,painting,
308501,toilet,
308573,bed,
308573,desk,
308573,dresser,
308573,sink,
308573,toilet,
308579,bed,
308579,desk,
308579,painting,
308598,bed,
308598,desk,
308598,dresser,
308639,bed,
308639,curtain,
308639,painting,
308639,toilet,
308648,bed,
308648,dresser,
308648,painting,
308652,bed,
308652,curtain,
308652,desk,
308652,dresser,
308652,lamp,
308652,painting,
308652,sink,
308652,stand,
308652,toilet,
308661,bed,
308661,couch,
308661,curtain,
308661,painting,
308661,stand,
308677,bed,
308677,couch,
308677,dresser,
308677,sink,
308697,bed,
308697,curtain,
308697,dresser,
308697,sink,
308702,bed,
308707,bed,
308707,toilet,
308715,bed,
308715,painting,
308756,bed,
308756,curtain,
308756,dresser,
308766,bed,
308766,couch,
308766,dresser,
308766,toilet,
308791,bed,
308791,couch,
308824,bed,
308824,desk,
308824,painting,
308824,sink,
308888,bed,
308888,couch,
308888,toilet,
308898,bed,
308898,sink,
308898,toilet,
308904,bed,
308904,couch,
308904,curtain,
308904,painting,
308904,sink,
308904,toilet,
308913,bed,
308913,painting,
308913,sink,
308966,bed,
308966,couch,
308966,curtain,
308966,dresser,
308966,lamp,
308966,stand,
308986,bed,
308986,curtain,
308986,dresser,
308986,lamp,
308986,sink,
308987,bed,
308987,couch,
308987,curtain,
308987,painting,
309032,bed,
309032,couch,
309032,sink,
309032,toilet,
309034,bed,
309034,painting,
309034,sink,
309070,bed,
309070,couch,
309070,lamp,
309070,sink,
309121,bed,
309121,curtain,
309121,painting,
309121,toilet,
309134,bed,
309134,desk,
309134,dresser,
309134,painting,
309161,bed,
309161,sink,
309163,bed,
309163,curtain,
309163,desk,
309163,sink,
309213,bed,
309213,curtain,
309223,bed,
309223,curtain,
309223,desk,
309223,painting,
309244,bed,
309244,curtain,
309244,desk,
309267,bed,
309267,dresser,
309267,toilet,
309295,bed,
309295,couch,
309295,curtain,
309295,desk,
309295,toilet,
309314,bed,
309314,couch,
309314,curtain,
309314,dresser,
309314,sink,
309314,stand,
309314,toilet,
309351,bed,
309351,toilet,
309357,bed,
309357,desk,
309388,bed,
309388,couch,
309388,curtain,
309388,desk,
309388,dresser,
309388,painting,
309388,sink,
309388,toilet,
309390,bed,
309390,curtain,
309390,painting,
309390,toilet,
309393,bed,
309393,desk,
309393,toilet,
309397,bed,
309397,painting,
309424,bed,
309424,desk,
309424,dresser,
309424,sink,
309424,toilet,
309442,bed,
309442,curtain,
309442,desk,
309442,dresser,
309442,lamp,
309473,bed,
309473,couch,
309473,curtain,
309499,bed,
309499,desk,
309499,painting,
309499,sink,
309499,toilet,
309542,bed,
309542,couch,
309542,curtain,
309542,toilet,
309573,bed,
309573,couch,
309573,sink,
309573,toilet,
309579,bed,
309579,curtain,
309579,painting,
309579,sink,
309590,bed,
309590,curtain,
309590,desk,
309590,sink,
309590,toilet,
309609,bed,
309609,dresser,
309609,toilet,
309717,bed,
309717,painting,
309717,toilet,
309769,bed,
309769,dresser,
309791,bed,
309791,couch,
309791,curtain,
309791,desk,
309791,dresser,
309791,lamp,
309791,painting,
309791,sink,
309791,stand,
309791,toilet,
309809,bed,
309809,curtain,
309809,sink,
309821,bed,
309821,lamp,
309858,bed,
309858,dresser,
309903,bed,
309903,curtain,
309903,sink,
309918,bed,
309918,couch,
309918,curtain,
309918,desk,
309918,dresser,
309918,painting,
309918,sink,
309918,toilet,
309987,couch,
309987,sink,
309987,toilet,
310030,bed,
310030,couch,
310030,desk,
310030,toilet,
310033,bed,
310033,lamp,
310043,bed,
310043,curtain,
310043,desk,
310043,toilet,
310173,bed,
310173,curtain,
310173,desk,
310173,dresser,
310173,lamp,
310173,painting,
310173,sink,
310173,stand,
310173,toilet,
310174,bed,
310174,curtain,
310174,desk,
310174,sink,
310174,toilet,
310183,curtain,
310183,dresser,
310183,painting,
310183,sink,
310188,bed,
310188,dresser,
310188,sink,
310208,bed,
310208,toilet,
310219,bed,
310219,curtain,
310219,desk,
310219,sink,
310252,bed,
310252,couch,
310252,desk,
310252,painting,
310252,sink,
310349,bed,
310349,curtain,
310349,lamp,
310349,painting,
310425,bed,
310425,lamp,
310425,toilet,
310459,curtain,
310459,painting,
310459,toilet,
310508,bed,
310508,couch,
310551,bed,
310551,curtain,
310551,sink,
310667,bed,
310667,toilet,
310759,couch,
310759,dresser,
310759,lamp,
310759,sink,
310767,bed,
310767,lamp,
310767,sink,
310769,bed,
310769,couch,
310769,desk,
310769,painting,
311019,bed,
311019,sink,
311019,toilet,
311048,bed,
311048,couch,
311048,curtain,
311048,desk,
311048,dresser,
311048,lamp,
311048,painting,
311048,sink,
311048,stand,
311048,toilet,
511754,bed,
511754,couch,
511754,toilet,
588788,bed,
588788,couch,
588788,curtain,
588788,desk,
588788,dresser,
588788,lamp,
588788,painting,
588788,sink,
688446,bed,
688446,couch,
688446,curtain,
688446,painting,
688694,bed,
688694,curtain,
688694,dresser,
688864,bed,
688864,curtain,
688864,painting,
688864,toilet,
688869,lamp,
688899,bed,
688899,desk,
688899,sink,
688899,toilet,
689399,bed,
689399,painting,
689399,toilet,
689548,bed,
689548,curtain,
689548,desk,
689548,lamp,
689548,painting,
689550,bed,
689550,couch,
689550,desk,
689550,lamp,
689550,sink,
689550,stand,
689550,toilet,
689724,bed,
689724,couch,
689724,curtain,
689724,desk,
689724,dresser,
689724,lamp,
689724,painting,
689724,stand,
689724,toilet,
689886,bed,
689886,couch,
689886,curtain,
689886,painting,
689886,sink,
689886,toilet,
690011,bed,
690011,couch,
690011,curtain,
690011,desk,
690011,dresser,
690011,lamp,
690011,painting,
690011,sink,
690011,stand,
690011,toilet,
690181,bed,
690181,curtain,
690181,lamp,
690181,painting,
690236,bed,
690236,curtain,
690236,desk,
690236,dresser,
690236,lamp,
690236,painting,
690236,sink,
690236,stand,
690236,toilet,
690352,bed,
690352,couch,
690352,curtain,
690352,desk,
690352,dresser,
690352,lamp,
690352,painting,
690352,sink,
690352,stand,
690352,toilet,
690365,bed,
690365,couch,
690365,curtain,
690365,dresser,
690365,lamp,
690365,painting,
690365,sink,
690365,stand,
690365,toilet,
690636,bed,
690636,couch,
690636,desk,
690636,dresser,
690636,painting,
690636,toilet,
